player_display_name,position,fantasy_points_ppr,recent_team,games_played
Lamar Jackson,QB,430.4,BAL,17
Ja'Marr Chase,WR,403.0,CIN,17
Joe Burrow,QB,372.8,CIN,17
Josh Allen,QB,372.3,BUF,16
Baker Mayfield,QB,365.8,TB,17
Jayden Daniels,QB,355.8,WAS,17
Saquon Barkley,RB,355.3,PHI,16
Jahmyr Gibbs,RB,354.9,DET,17
Bijan Robinson,RB,341.7,ATL,17
Derrick Henry,RB,336.4,BAL,17
Jared Goff,QB,324.5,DET,17
Justin Jefferson,WR,317.5,MIN,17
Bo Nix,QB,317.2,DEN,17
Amon-Ra St. Brown,WR,316.2,DET,17
Jalen Hurts,QB,315.1,PHI,15
Sam Darnold,QB,308.0,MIN,17
Devon Achane,RB,299.9,MIA,17
Kyler Murray,QB,297.2,ARI,17
Josh Jacobs,RB,293.1,GB,17
Justin Herbert,QB,285.4,LAC,17
Brian Thomas,WR,284.0,JAX,17
Patrick Mahomes,QB,283.0,KC,16
Drake London,WR,280.8,ATL,17
Malik Nabers,WR,273.6,NYG,15
Kyren Williams,RB,272.1,LA,16
Terry McLaurin,WR,267.8,WAS,17
Brock Purdy,QB,266.9,SF,15
James Cook,RB,266.7,BUF,16
Geno Smith,QB,266.0,SEA,17
Alvin Kamara,RB,265.3,NO,14
CeeDee Lamb,WR,263.4,DAL,15
Brock Bowers,TE,262.7,LV,17
Aaron Rodgers,QB,256.6,NYJ,17
Chase Brown,RB,255.0,CIN,16
Caleb Williams,QB,254.5,CHI,17
James Conner,RB,253.8,ARI,16
Jaxon Smith-Njigba,WR,253.0,SEA,17
Garrett Wilson,WR,251.9,NYJ,17
Jonathan Taylor,RB,246.7,IND,14
Bucky Irving,RB,244.4,TB,17
Trey McBride,TE,243.8,ARI,16
Chuba Hubbard,RB,241.6,CAR,15
Aaron Jones,RB,241.6,MIN,17
Davante Adams,WR,241.3,LV,14
Jerry Jeudy,WR,240.9,CLE,17
Breece Hall,RB,240.9,NYJ,16
Ladd McConkey,WR,240.9,LAC,16
Joe Mixon,RB,240.5,HOU,14
Mike Evans,WR,240.4,TB,14
Courtland Sutton,WR,240.3,DEN,16
D.J. Moore,WR,238.1,CHI,17
George Kittle,TE,236.6,SF,15
Jordan Love,QB,233.9,GB,15
Jonnu Smith,TE,222.3,MIA,17
Tee Higgins,WR,222.1,CIN,12
David Montgomery,RB,221.7,DET,14
C.J. Stroud,QB,220.4,HOU,17
Tyreek Hill,WR,218.2,MIA,17
Jakobi Meyers,WR,218.0,LV,15
A.J. Brown,WR,216.9,PHI,13
Matthew Stafford,QB,214.6,LA,16
D'Andre Swift,RB,214.5,CHI,17
Jordan Addison,WR,212.5,MIN,15
Jameson Williams,WR,212.2,DET,15
Nico Collins,WR,210.6,HOU,12
Jauan Jennings,WR,210.5,SF,15
Zay Flowers,WR,209.5,BAL,17
Puka Nacua,WR,206.6,LA,11
Najee Harris,RB,204.6,PIT,17
Tony Pollard,RB,200.7,TEN,16
Rachaad White,RB,199.6,TB,15
DeVonta Smith,WR,199.4,PHI,13
Calvin Ridley,WR,199.2,TEN,17
Rico Dowdle,RB,197.8,DAL,16
Jayden Reed,WR,197.0,GB,17
Marvin Harrison,WR,196.5,ARI,17
Travis Kelce,TE,195.4,KC,16
Bryce Young,QB,195.0,CAR,14
Darnell Mooney,WR,193.2,ATL,16
Brandon Aubrey,K,192.0,DAL,17
J.K. Dobbins,RB,191.8,LAC,13
DK Metcalf,WR,191.2,SEA,15
Chris Boswell,K,191.0,PIT,17
Mark Andrews,TE,188.8,BAL,17
Xavier Worthy,WR,187.2,KC,16
Keenan Allen,WR,184.4,CHI,15
Zach Charbonnet,RB,183.7,SEA,17
Wan'Dale Robinson,WR,182.7,NYG,17
Khalil Shakir,WR,182.5,BUF,15
Tyrone Tracy,RB,182.3,NYG,17
Josh Downs,WR,182.2,IND,14
Tua Tagovailoa,QB,181.6,MIA,11
Kenneth Walker,RB,181.2,SEA,11
Cameron Dicker,K,179.0,LAC,17
Denver Broncos D/ST,DST,179.0,DEN,17
Zach Ertz,TE,177.4,WAS,17
Drake Maye,QB,177.1,NE,13
Kirk Cousins,QB,176.3,ATL,14
Rhamondre Stevenson,RB,175.9,NE,15
Cooper Kupp,WR,175.0,LA,12
Quentin Johnston,WR,174.7,LAC,15
Rashod Bateman,WR,174.6,BAL,16
Sam LaPorta,TE,174.6,DET,16
Russell Wilson,QB,172.8,PIT,11
Ka'imi Fairbairn,K,172.0,HOU,17
Pat Freiermuth,TE,168.3,PIT,17
Jason Sanders,K,166.0,MIA,17
Michael Pittman,WR,165.8,IND,16
George Pickens,WR,164.4,PIT,14
Chase McLaughlin,K,164.0,TB,17
Anthony Richardson,QB,163.4,IND,11
Tucker Kraft,TE,163.3,GB,17
Minnesota Vikings D/ST,DST,162.0,MIN,17
Alec Pierce,WR,161.4,IND,16
Jake Bates,K,161.0,DET,17
Wil Lutz,K,160.0,DEN,17
Brian Robinson,RB,159.8,WAS,14
Javonte Williams,RB,157.9,DEN,17
Deebo Samuel,WR,155.6,SF,14
Kareem Hunt,RB,155.4,KC,13
Jalen Tolbert,WR,152.0,DAL,17
Derek Carr,QB,150.9,NO,10
Jaylen Waddle,WR,149.6,MIA,15
David Njoku,TE,148.5,CLE,11
Green Bay Packers D/ST,DST,148.0,GB,17
Demario Douglas,WR,147.7,NE,16
DeAndre Hopkins,WR,147.0,KC,16
Pittsburgh Steelers D/ST,DST,146.0,PIT,17
Tyler Bass,K,146.0,BUF,17
Trevor Lawrence,QB,145.7,JAX,10
Hunter Henry,TE,145.4,NE,16
Daniel Carlson,K,145.0,LV,17
Rome Odunze,WR,144.9,CHI,17
Justin Tucker,K,143.0,BAL,17
Ray-Ray McCloud,WR,142.5,ATL,17
Mike Gesicki,TE,141.5,CIN,16
Jake Elliott,K,141.0,PHI,17
Cade Otton,TE,140.6,TB,14
Tank Dell,WR,140.0,HOU,14
Jason Myers,K,140.0,SEA,17
Adam Thielen,WR,139.5,CAR,10
Houston Texans D/ST,DST,139.0,HOU,17
Matt Gay,K,139.0,IND,16
Chris Godwin,WR,137.8,TB,7
Alexander Mattison,RB,137.4,LV,14
Seattle Seahawks D/ST,DST,136.0,SEA,17
Nick Westbrook-Ikhine,WR,135.7,TEN,13
Jalen McMillan,WR,135.4,TB,13
Daniel Jones,QB,135.3,NYG,10
Joshua Karty,K,135.0,LA,17
Philadelphia Eagles D/ST,DST,135.0,PHI,17
Jerome Ford,RB,134.0,CLE,14
Buffalo Bills D/ST,DST,133.0,BUF,17
Austin Ekeler,RB,132.3,WAS,12
Romeo Doubs,WR,132.1,GB,13
Kyle Pitts,TE,131.2,ATL,17
Jameis Winston,QB,131.1,CLE,11
Will Reichard,K,131.0,MIN,13
Blake Grupe,K,131.0,NO,17
Travis Etienne,RB,130.2,JAX,15
Marvin Mims,WR,129.5,DEN,16
Tre Tucker,WR,129.3,LV,17
Tank Bigsby,RB,129.0,JAX,15
Los Angeles Chargers D/ST,DST,128.0,LAC,17
Justice Hill,RB,127.1,BAL,15
Cam Little,K,126.0,JAX,17
Allen Lazard,WR,126.0,NYJ,12
Ameer Abdullah,RB,125.2,LV,13
Xavier Legette,WR,125.1,CAR,15
Chad Ryland,K,125.0,ARI,13
Michael Wilson,WR,124.5,ARI,16
Jaylen Warren,RB,124.1,PIT,15
Isaiah Likely,TE,123.7,BAL,15
Demarcus Robinson,WR,123.5,LA,17
Detroit Lions D/ST,DST,123.0,DET,17
Juwan Johnson,TE,122.8,NO,15
Amari Cooper,WR,122.7,CLE,13
Stefon Diggs,WR,121.9,HOU,8
Tyler Conklin,TE,121.9,NYJ,16
Kayshon Boutte,WR,121.9,NE,15
Chicago Bears D/ST,DST,121.0,CHI,17
Tyler Lockett,WR,121.0,SEA,17
Elijah Moore,WR,120.9,CLE,17
Calvin Austin,WR,120.8,PIT,17
Cole Kmet,TE,120.4,CHI,14
Joey Slye,K,120.0,NE,17
Younghoe Koo,K,120.0,ATL,14
Baltimore Ravens D/ST,DST,120.0,BAL,17
Will Levis,QB,119.9,TEN,12
Andrei Iosivas,WR,119.9,CIN,17
Justin Fields,QB,119.1,PIT,10
Dalton Schultz,TE,118.2,HOU,17
Jake Moody,K,118.0,SF,14
Los Angeles Rams D/ST,DST,118.0,LA,17
Dak Prescott,QB,116.5,DAL,8
Ray Davis,RB,116.1,BUF,16
Austin Seibert,K,115.0,WAS,9
Jordan Mason,RB,115.0,SF,12
Olamide Zaccheaus,WR,114.4,WAS,15
Chigoziem Okonkwo,TE,113.6,TEN,16
Tyjae Spears,RB,113.6,TEN,12
Noah Gray,TE,113.3,KC,16
Keon Coleman,WR,111.5,BUF,13
Dallas Cowboys D/ST,DST,111.0,DAL,17
Dontayvion Wicks,WR,110.5,GB,17
Will Dissly,TE,110.1,LAC,15
Darius Slayton,WR,110.0,NYG,16
Cooper Rush,QB,109.6,DAL,12
Cairo Santos,K,109.0,CHI,17
Austin Hooper,TE,108.6,NE,17
Nick Folk,K,108.0,TEN,14
Josh Palmer,WR,107.4,LAC,15
Eddy Pineiro,K,107.0,CAR,17
Devaughn Vele,WR,106.5,DEN,13
Tyler Allgeier,RB,106.2,ATL,17
Kansas City Chiefs D/ST,DST,106.0,KC,17
Christian Watson,WR,105.3,GB,14
Jalen Nailor,WR,105.0,MIN,15
Jake Ferguson,TE,104.4,DAL,14
Kavontae Turpin,WR,104.2,DAL,15
Tampa Bay Buccaneers D/ST,DST,104.0,TB,17
Cincinnati Bengals D/ST,DST,104.0,CIN,17
Noah Fant,TE,104.0,SEA,14
Dallas Goedert,TE,103.6,PHI,10
Antonio Gibson,RB,103.4,NE,17
Foster Moreau,TE,103.3,NO,15
Taysom Hill,TE,102.3,NO,8
Arizona Cardinals D/ST,DST,101.0,ARI,17
Dalton Kincaid,TE,100.8,BUF,13
Harrison Butker,K,100.0,KC,13
Joe Flacco,QB,99.0,IND,7
Brandon McManus,K,99.0,GB,11
Tutu Atwell,WR,98.9,LA,15
Mack Hollins,WR,98.8,BUF,16
New Orleans Saints D/ST,DST,98.0,NO,17
Jaleel McLaughlin,RB,97.2,DEN,16
Parker Washington,WR,97.0,JAX,13
Atlanta Falcons D/ST,DST,97.0,ATL,17
Devin Singletary,RB,96.6,NYG,15
Gardner Minshew,QB,96.3,LV,10
Isaac Guerendo,RB,96.2,SF,13
Mac Jones,QB,96.1,JAX,10
Emanuel Wilson,RB,96.0,GB,17
Mason Rudolph,QB,95.8,TEN,8
New York Jets D/ST,DST,95.0,NYJ,17
Evan McPherson,K,94.0,CIN,12
Ricky Pearsall,WR,93.5,SF,10
Aidan O'Connell,QB,93.5,LV,9
Cam Akers,RB,93.2,HOU,15
Jalen Coker,WR,92.6,CAR,11
Tim Patrick,WR,92.4,DET,15
Ty Johnson,RB,91.7,BUF,17
Brenton Strange,TE,91.1,JAX,14
Indianapolis Colts D/ST,DST,91.0,IND,17
New York Giants D/ST,DST,91.0,NYG,17
Jordan Akins,TE,91.0,CLE,16
Greg Dortch,WR,90.3,ARI,17
Washington Commanders D/ST,DST,90.0,WAS,17
Evan Engram,TE,89.5,JAX,9
Diontae Johnson,WR,89.1,BAL,11
T.J. Hockenson,TE,86.5,MIN,10
Noah Brown,WR,86.3,WAS,11
Braelon Allen,RB,85.2,NYJ,17
David Moore,WR,85.1,CAR,14
Marquez Valdes-Scantling,WR,84.5,BUF,13
Dustin Hopkins,K,84.0,CLE,16
Miami Dolphins D/ST,DST,84.0,MIA,17
San Francisco 49ers D/ST,DST,84.0,SF,17
Zack Moss,RB,81.9,CIN,8
Rashid Shaheed,WR,81.8,NO,6
Samaje Perine,RB,81.4,KC,17
Cleveland Browns D/ST,DST,81.0,CLE,17
Cedric Tillman,WR,80.4,CLE,9
Sterling Shepard,WR,80.3,TB,13
Drew Lock,QB,80.1,NYG,7
A.J. Barner,TE,78.5,SEA,14
Tyler Boyd,WR,78.3,TEN,15
Roschon Johnson,RB,77.4,CHI,12
Miles Sanders,RB,77.3,CAR,11
Deshaun Watson,QB,76.7,CLE,7
Chris Olave,WR,76.7,NO,8
Ja'Tavion Sanders,TE,73.2,CAR,15
Tennessee Titans D/ST,DST,72.0,TEN,17
Jacksonville Jaguars D/ST,DST,71.0,JAX,17
Las Vegas Raiders D/ST,DST,71.0,LV,17
Christian Kirk,WR,70.9,JAX,8
Raheem Mostert,RB,70.9,MIA,12
Brandin Cooks,WR,69.6,DAL,10
Sean Tucker,RB,68.7,TB,11
Theo Johnson,TE,68.1,NYG,10
Dyami Brown,WR,67.4,WAS,15
Spencer Rattler,QB,67.3,NO,7
Troy Franklin,WR,67.1,DEN,16
Greg Joseph,K,66.0,NYJ,8
Josh Oliver,TE,65.8,MIN,11
Colby Parkinson,TE,65.4,LA,15
Kendrick Bourne,WR,65.1,NE,12
Rashee Rice,WR,64.9,KC,3
Lil'Jordan Humphrey,WR,64.3,DEN,14
Gus Edwards,RB,64.1,LAC,11
Jeremy McNichols,RB,63.8,WAS,14
Curtis Samuel,WR,63.7,BUF,14
Van Jefferson,WR,63.6,PIT,15
Nick Chubb,RB,63.3,CLE,8
New England Patriots D/ST,DST,63.0,NE,17
Justin Watson,WR,62.9,KC,15
Kenneth Gainwell,RB,62.6,PHI,16
Brandon Aiyuk,WR,62.4,SF,7
Anders Carlson,K,62.0,NYJ,7
Tyler Johnson,WR,61.1,LA,11
Josh Whyle,TE,60.8,TEN,14
Tyler Huntley,QB,60.7,MIA,5
Grant Calcaterra,TE,59.8,PHI,13
Dawson Knox,TE,59.1,BUF,14
Brayden Narveson,K,59.0,TEN,7
Andy Dalton,QB,59.0,CAR,6
Ezekiel Elliott,RB,57.5,DAL,15
Luke Schoonmaker,TE,57.1,DAL,10
Isiah Pacheco,RB,56.9,KC,7
Mike Williams,WR,56.8,NYJ,13
Malik Washington,WR,56.8,MIA,12
Kalif Raymond,WR,56.5,DET,10
Tommy Tremble,TE,56.4,CAR,10
Dare Ogunbowale,RB,56.0,HOU,15
Matthew Wright,K,56.0,TEN,5
John Metchie,WR,55.4,HOU,10
Emari Demercado,RB,54.7,ARI,13
Gabe Davis,WR,53.9,JAX,9
Trey Sermon,RB,53.8,IND,14
Adonai Mitchell,WR,53.8,IND,17
JuJu Smith-Schuster,WR,53.1,KC,11
Jordan Whittington,WR,52.5,LA,6
Cedrick Wilson,WR,51.9,NO,10
Malik Willis,QB,51.8,GB,6
Graham Gano,K,50.0,NYG,11
Elijah Higgins,TE,49.2,ARI,14
Nelson Agholor,WR,49.1,BAL,13
Audric Estime,RB,48.7,DEN,13
Nick Vannett,TE,48.5,TEN,12
Christian McCaffrey,RB,47.8,SF,4
D.J. Turner,WR,47.1,LV,10
Trey Benson,RB,47.0,ARI,12
Cade York,K,46.0,CIN,6
Parker Romo,K,46.0,MIN,4
Isaiah Davis,RB,45.9,NYJ,9
Marcus Mariota,QB,45.8,WAS,3
Jacoby Brissett,QB,45.2,NE,7
Johnny Mundt,TE,45.2,MIN,13
Darnell Washington,TE,45.0,PIT,13
Tyler Goodson,RB,44.4,IND,9
Michael Penix,QB,44.1,ATL,5
Adam Trautman,TE,43.8,DEN,13
Nate Adkins,TE,43.5,DEN,12
Dameon Pierce,RB,43.5,HOU,9
Christopher Brooks,RB,42.2,GB,11
Jahan Dotson,WR,41.9,PHI,14
Carolina Panthers D/ST,DST,41.0,CAR,17
Greg Zuerlein,K,41.0,NYJ,8
Derius Davis,WR,40.1,LAC,11
Tanner Hudson,TE,38.5,CIN,9
Josh Reynolds,WR,38.4,DEN,8
Robert Woods,WR,38.3,HOU,12
Zane Gonzalez,K,38.0,WAS,6
Cordarrelle Patterson,RB,37.5,PIT,13
Jamaal Williams,RB,37.1,NO,13
Ryan Miller,WR,36.8,TB,8
Michael Mayer,TE,36.6,LV,11
Drew Sample,TE,36.5,CIN,11
Tylan Wallace,WR,36.3,BAL,8
D'Ernest Johnson,RB,35.9,JAX,12
Erick All,TE,35.8,CIN,8
Michael Carter,RB,35.8,ARI,3
Jalen Brooks,WR,35.7,DAL,12
Pierre Strong,RB,35.2,CLE,11
Trey Palmer,WR,35.2,TB,10
Brock Wright,TE,35.0,DET,10
Luke McCaffrey,WR,34.8,WAS,12
Stone Smartt,TE,34.8,LAC,7
Payne Durham,TE,34.5,TB,5
Cade Stover,TE,34.3,HOU,13
Lucas Krull,TE,34.2,DEN,10
Blake Corum,RB,33.5,LA,14
Mecole Hardman,WR,33.2,KC,7
Matt Prater,K,33.0,ARI,4
Hassan Haskins,RB,32.8,LAC,11
Kimani Vidal,RB,32.7,LAC,9
Mo Alie-Cox,TE,32.7,IND,12
Ja'Lynn Polk,WR,32.7,NE,13
D'Onta Foreman,RB,32.6,CLE,10
Kylen Granson,TE,32.2,IND,14
Jonathan Mingo,WR,32.2,CAR,14
KhaDarel Hodge,WR,32.1,ATL,6
Dante Pettis,WR,32.0,NO,8
Malik Heath,WR,31.7,GB,5
Chris Rodriguez,RB,31.5,WAS,6
Khalil Herbert,RB,31.5,CIN,8
Joshua Dobbs,QB,30.8,SF,2
Riley Patterson,K,30.0,ATL,5
Patrick Taylor,RB,29.8,SF,5
Jake Bobo,WR,29.7,SEA,11
Zamir White,RB,29.3,LV,8
Kendre Miller,RB,29.1,NO,6
Tanner McKee,QB,28.8,PHI,2
Jamycal Hasty,RB,28.8,NE,9
Jeremy Ruckert,TE,28.5,NYJ,13
Ty Chandler,RB,28.4,MIN,10
Charlie Kolar,TE,28.3,BAL,7
Jamison Crowder,WR,28.2,WAS,4
Sincere McCormick,RB,27.2,LV,4
Kevin Austin,WR,27.0,NO,8
Bub Means,WR,26.8,NO,4
Jaylen Wright,RB,26.7,MIA,13
Eric Saubert,TE,26.7,SF,8
Tyler Higbee,TE,26.6,LA,3
Daniel Bellinger,TE,26.5,NYG,7
Jordan Mims,RB,26.1,NO,7
Spencer Shrader,K,26.0,KC,4
Andrew Ogletree,TE,25.9,IND,11
Kenny Pickett,QB,25.1,PHI,5
Carson Steele,RB,23.9,KC,12
Mason Tipton,WR,23.9,NO,9
Xavier Hutchinson,WR,23.7,HOU,14
Bo Melton,WR,22.5,GB,11
Kenny McIntosh,RB,22.4,SEA,7
Trent Sherfield,WR,22.3,MIN,8
Julian Hill,TE,22.0,MIA,11
Desmond Ridder,QB,21.9,LV,5
Rakim Jarrett,WR,21.4,TB,6
DeeJay Dallas,RB,21.0,ARI,7
Craig Reynolds,RB,20.9,DET,7
Tyrod Taylor,QB,20.1,NYJ,2
Jimmy Garoppolo,QB,19.9,LA,1
Eric Gray,RB,19.3,NYG,10
Joe Milton,QB,19.2,NE,1
Devin Duvernay,WR,19.2,JAX,10
Ashton Dulin,WR,19.2,IND,9
Hunter Long,TE,19.0,LA,7
K.J. Osborn,WR,18.7,NE,6
Luke Farrell,TE,18.7,JAX,10
Ronnie Rivers,RB,18.3,LA,5
Ryan Flournoy,WR,18.2,DAL,7
Marquise Brown,WR,18.1,KC,2
Brevyn Spann-Ford,TE,17.8,DAL,6
Ainias Smith,WR,17.7,PHI,3
Harrison Bryant,TE,17.6,LV,5
Blake Whiteheart,TE,17.1,CLE,7
Simi Fehoko,WR,16.6,LAC,5
Zay Jones,WR,16.4,ARI,6
Xavier Gipson,WR,16.4,NYJ,7
DeAndre Carter,WR,16.2,CHI,5
MyCole Pruitt,TE,16.0,PIT,6
Connor Heyward,TE,16.0,PIT,5
Dorian Thompson-Robinson,QB,15.8,CLE,6
Kenny Yeboah,TE,15.7,NYJ,6
Will Shipley,RB,15.7,PHI,5
Bryce Oliver,WR,15.5,TEN,5
Hayden Hurst,TE,15.3,LAC,7
Mitchell Trubisky,QB,15.3,BUF,8
Parris Campbell,WR,15.0,PHI,4
Johnny Wilson,WR,14.8,PHI,9
Jermaine Burton,WR,14.7,CIN,4
Laviska Shenault Jr.,WR,14.7,SEA,6
Jalen Reagor,WR,14.7,LAC,7
Quintin Morris,TE,14.6,BUF,5
Odell Beckham,WR,14.5,MIA,8
John Bates,TE,14.4,WAS,10
Durham Smythe,TE,14.3,MIA,13
Jalin Hyatt,WR,14.2,NYG,10
Brandon Powell,WR,14.1,MIN,7
Tim Boyle,QB,13.9,NYG,3
Tyrell Shavers,WR,13.9,BUF,1
Ben Sinnott,TE,13.8,WAS,4
Devin Culp,TE,13.8,TB,2
River Cracraft,WR,13.6,MIA,4
Chris Conley,WR,13.6,SF,7
Mike Woods,WR,13.5,CLE,5
Tommy DeVito,QB,13.5,NYG,2
Julius Chestnut,RB,13.3,TEN,7
Jake Haener,QB,13.2,NO,8
D.J. Chark,WR,13.1,LAC,4
Trey Lance,QB,12.7,DAL,4
Jacob Cowing,WR,12.7,SF,3
Pharaoh Brown,TE,12.5,SEA,8
Chris Manhertz,TE,12.0,NYG,4
Tay Martin,WR,11.9,TEN,1
Scott Miller,WR,11.9,PIT,4
Ben Skowronek,WR,11.9,PIT,4
Deuce Vaughn,RB,11.8,DAL,5
Charlie Woerner,TE,11.6,ATL,8
Gerald Everett,TE,11.6,CHI,9
Tony Jones,RB,11.5,ARI,1
Luke Musgrave,TE,11.5,GB,7
Tucker Fisk,TE,10.9,LAC,7
Jeffery Wilson,RB,10.6,MIA,7
Britain Covey,WR,10.4,PHI,3
Peyton Hendershot,TE,10.1,KC,4
Clyde Edwards-Helaire,RB,10.0,NO,2
Davis Allen,TE,9.9,LA,6
Kristian Wilkerson,WR,9.8,LV,1
Tip Reiman,TE,9.7,ARI,5
Davis Mills,QB,9.6,HOU,4
Tyler Badie,RB,9.4,DEN,3
Devontez Walker,WR,9.1,BAL,2
Tyquan Thornton,WR,8.7,NE,4
Ben Sims,TE,8.2,GB,4
Sione Vaki,RB,8.1,DET,4
Raheem Blackshear,RB,8.0,CAR,3
Skylar Thompson,QB,7.9,MIA,2
Cam Grandy,TE,7.8,CIN,4
Greg Dulcich,TE,7.8,DEN,3
E.J. Jenkins,TE,7.7,PHI,2
Treylon Burks,WR,7.5,TEN,5
Charlie Jones,WR,7.5,CIN,2
Jonathon Brooks,RB,7.5,CAR,3
D'Wayne Eskridge,WR,7.4,MIA,3
Malachi Corley,WR,7.2,NYJ,5
Terrace Marshall,WR,7.1,LV,5
Tim Jones,WR,7.1,JAX,3
Bailey Zappe,QB,7.0,CLE,1
Will Mallory,TE,6.9,IND,7
Nikko Remigio,WR,6.8,KC,1
Keaton Mitchell,RB,6.8,BAL,2
Deven Thompkins,WR,6.7,CAR,4
Dan Chisena,WR,6.7,CAR,3
Cody White,WR,6.4,SEA,1
Travis Homer,RB,6.4,CHI,4
J.J. Taylor,RB,6.4,HOU,3
Brandon Allen,QB,6.4,SF,3
Xavier Smith,WR,6.2,LA,3
Alex Bachman,WR,6.1,LV,1
Austin Trammell,WR,6.0,JAX,1
Allen Robinson,WR,6.0,DET,6
Kene Nwangwu,RB,6.0,NYJ,1
Bryce Ford-Wheaton,WR,6.0,NYG,1
Ihmir Smith-Marsette,WR,6.0,NYG,1
Mike Boone,RB,5.9,CAR,5
David Bell,WR,5.7,CLE,1
Jamari Thrash,WR,5.2,CLE,6
James Proche,WR,5.1,CLE,2
Dallin Holker,TE,5.1,NO,2
Jacob Kibodi,RB,4.9,CLE,1
Carson Wentz,QB,4.7,KC,2
Tanner Conner,WR,4.6,MIA,2
Trenton Irwin,WR,4.5,CIN,4
Josiah Deguara,TE,4.4,JAX,3
Ronnie Bell,WR,4.2,SF,3
Jermar Jefferson,RB,4.2,DET,2
Jude McAtamney,K,4.0,NYJ,1
Dalvin Cook,RB,4.0,DAL,2
Jaheim Bell,TE,4.0,NE,3
Ian Thomas,TE,3.7,CAR,3
Mason Kinsey,WR,3.7,TEN,2
Anthony Gould,WR,3.3,IND,1
Terrell Jennings,RB,3.3,NE,2
Blake Watson,RB,3.3,DEN,1
Jase McClellan,RB,3.2,ATL,2
Shane Zylstra,TE,3.2,DET,1
Isaiah Hodgins,WR,3.2,NYG,2
Taylor Heinicke,QB,3.1,LAC,4
Grant DuBose,WR,3.1,MIA,2
Rasheen Ali,RB,3.1,BAL,4
Jack Stoll,TE,3.0,PHI,2
Velus Jones,RB,2.9,CHI,2
Eric Tomlinson,TE,2.9,LAC,4
MarShawn Lloyd,RB,2.8,GB,1
Chris Blair,WR,2.7,ATL,2
Brevin Jordan,TE,2.7,HOU,2
Hendon Hooker,QB,2.7,DET,3
Anthony Miller,WR,2.6,BAL,1
Isaiah Williams,WR,2.6,DET,1
Casey Washington,WR,2.4,ATL,2
Javon Baker,WR,2.2,NE,4
Feleipe Franks,TE,2.2,CAR,3
Jonathan Ward,RB,2.2,PIT,2
Trent Taylor,WR,2.1,SF,1
Myles Gaskin,RB,2.0,MIN,2
Brandon Johnson,WR,1.9,PIT,1
Kendric Pryor,WR,1.9,CIN,1
George Holani,RB,1.9,SEA,2
Cody Schrader,RB,1.9,LA,1
Chris Collier,RB,1.8,LV,2
Jared Wiley,TE,1.7,KC,1
Ramel Keyton,WR,1.7,LV,2
John Samuel Shenker,TE,1.7,LV,1
Geoff Swaim,TE,1.7,CLE,1
Aaron Shampklin,RB,1.7,PIT,3
John Ross,WR,1.6,PHI,1
Jaelon Darden,WR,1.6,CLE,1
Collin Johnson,WR,1.6,CHI,2
David Martin-Robinson,TE,1.6,TEN,2
Joseph Fortson,TE,1.5,KC,3
Tyler Scott,WR,1.5,CHI,1
Ross Dwelley,TE,1.5,ATL,1
Robbie Chosen,WR,1.5,MIA,1
Zach Davidson,TE,1.5,BUF,2
Nick Mullens,QB,1.3,MIN,4
Jha'Quan Jackson,WR,1.3,TEN,2
John FitzPatrick,TE,1.2,GB,1
Marcedes Lewis,TE,1.2,CHI,1
Mike White,QB,1.1,BUF,1
Tyreik McAllister,RB,1.1,LV,1
Kameron Johnson,WR,1.1,TB,3
Brycen Tremayne,WR,0.8,WAS,1
Josh Johnson,QB,0.8,BAL,4
Kyle Allen,QB,0.8,PIT,1
Tyrion Davis-Price,RB,0.7,PHI,1
Chris Oladokun,QB,0.5,KC,1
Jarrett Stidham,QB,0.5,DEN,2
Ke'Shawn Vaughn,RB,0.4,SF,1
Darrynton Evans,RB,0.3,CHI,1
Joshua Kelley,RB,0.2,TEN,1
British Brooks,RB,0.2,HOU,1
Justyn Ross,WR,0.0,KC,1
Brenden Bates,TE,0.0,CLE,1
Jordan Matthews,TE,0.0,CAR,1
Brayden Willis,TE,0.0,SF,1
Jack Browning,K,0.0,TB,5
Irvin Charles,WR,0.0,NYJ,1
Tom Kennedy,WR,0.0,DET,1
Stephen Sullivan,TE,0.0,CAR,1
Baylor Cupp,TE,0.0,KC,1
Xavier Weaver,WR,0.0,ARI,2
Steven Sims,WR,0.0,HOU,1
Erik Ezukanma,WR,0.0,MIA,1
Skyy Moore,WR,0.0,KC,2
Dareke Young,WR,0.0,SEA,1
Braxton Berrios,WR,0.0,MIA,3
Jermaine Jackson,WR,-0.1,NO,1
Jake Browning,QB,-0.2,CIN,2
Kyle Trask,QB,-0.2,TB,3
Tyson Bagent,QB,-0.3,CHI,4
Kadarius Toney,WR,-0.4,CLE,2
Sam Howell,QB,-0.8,SEA,1
Dylan Laube,RB,-2.0,LV,1
Clayton Tune,QB,-2.1,ARI,5
